solver,map,nodes,links,ms,overlaps,link_ratio,extent
AllPairs,ilhas,250,240,74.4,0,1.28,337
Grid,ilhas,250,240,155.7,0,1.28,337
BarnesHut,ilhas,250,240,95.6,0,1.26,342
AllPairs,ilhas,1000,960,360.2,0,1.47,610
Grid,ilhas,1000,960,576.3,0,1.46,602
BarnesHut,ilhas,1000,960,172.0,0,1.44,626
AllPairs,ilhas,2500,2400,2472.8,0,1.77,836
Grid,ilhas,2500,2400,2264.8,0,1.74,816
BarnesHut,ilhas,2500,2400,578.1,0,1.69,850
AllPairs,ilhas,5000,4800,9589.2,0,1.82,1125
Grid,ilhas,5000,4800,5870.1,0,1.81,1069
BarnesHut,ilhas,5000,4800,1268.7,0,1.78,1084
Grid,ilhas,10000,9600,16820.0,4,1.92,1437
BarnesHut,ilhas,10000,9600,2850.2,2,1.86,1436
AllPairs,hub,250,249,66.8,0,2.05,185
Grid,hub,250,249,166.6,0,2.05,185
BarnesHut,hub,250,249,140.6,0,2.05,186
AllPairs,hub,1000,999,321.2,7,3.05,303
Grid,hub,1000,999,778.4,7,3.05,303
BarnesHut,hub,1000,999,370.0,8,3.01,309
AllPairs,hub,2500,2499,1979.0,183,4.07,407
Grid,hub,2500,2499,5018.0,193,4.06,407
BarnesHut,hub,2500,2499,1418.2,221,3.96,395
Grid,hub,5000,4999,20326.7,1238,5.09,497
BarnesHut,hub,5000,4999,4601.4,1289,4.83,517
BarnesHut,hub,10000,9999,13527.4,6257,5.93,589
